Polarization,Churn_Rate,Revenue,Avg_Frustration,Active_Users,Mean_Trust,Ingroup_Trust,Outgroup_Trust,Trust_Segregation,Opinion_Clustering,Seed,Model,Run
0.9953985465532528,0.36,128.0,1.290625,320.0,0.5,0.5,0.5,1.0,0.1271440251412643,42,dynamic_babe,0
0.6967207000728683,0.0,200.0,0.0,500.0,0.5,0.5,0.5,1.0,0.1053869545659019,42,hk,0
0.9766764008250768,0.368,126.4,0.870253164556962,316.0,0.5,0.5,0.5,1.0,0.1031838047986595,43,dynamic_babe,1
0.9919781142809238,0.0,200.0,0.0,500.0,0.5,0.5,0.5,1.0,0.1055739697228419,42,degroot_bias,0
0.7238405846225624,0.0,200.0,0.0,500.0,0.5,0.5,0.5,1.0,0.0817785208255796,43,hk,1
0.9845134190866234,0.0,200.0,0.0,500.0,0.5,0.5,0.5,1.0,0.0904667561196972,43,degroot_bias,1
0.9669266466372876,0.39,122.0,1.1672131147540985,305.0,0.5,0.5,0.5,1.0,0.0906788885175703,44,dynamic_babe,2
0.7074839541295045,0.0,200.0,0.0,500.0,0.5,0.5,0.5,1.0,0.0598963082305357,44,hk,2
0.9943683470467892,0.0,200.0,0.0,500.0,0.5,0.5,0.5,1.0,0.0669629748972024,44,degroot_bias,2
0.9145696479614734,0.396,120.8,0.8245033112582781,302.0,0.5,0.5,0.5,1.0,0.1027251919010116,45,dynamic_babe,3
0.6916256944840456,0.0,200.0,0.0,500.0,0.5,0.5,0.5,1.0,0.0794180118860893,45,hk,3
0.9877156642091448,0.0,200.0,0.0,500.0,0.5,0.5,0.5,1.0,0.0821513452194226,45,degroot_bias,3
0.9901826742598172,0.36,128.0,1.04375,320.0,0.5,0.5,0.5,1.0,0.109139374792945,46,dynamic_babe,4
0.6973893884087516,0.0,200.0,0.0,500.0,0.5,0.5,0.5,1.0,0.0835901819646375,46,hk,4
0.9932886539576088,0.0,200.0,0.0,500.0,0.5,0.5,0.5,1.0,0.0920287784558655,46,degroot_bias,4
0.968152305593184,0.394,121.2,0.8316831683168316,303.0,0.5,0.5,0.5,1.0,0.1133149848186733,47,dynamic_babe,5
0.7059426357006198,0.0,200.0,0.0,500.0,0.5,0.5,0.5,1.0,0.083356720144668,47,hk,5
0.9933568983432136,0.0,200.0,0.0,500.0,0.5,0.5,0.5,1.0,0.0915544212940933,47,degroot_bias,5
0.9091753289152134,0.37,126.0,1.1047619047619048,315.0,0.5,0.5,0.5,1.0,0.1245980998487264,48,dynamic_babe,6
0.6799106416727038,0.0,200.0,0.0,500.0,0.5,0.5,0.5,1.0,0.0949253467378854,48,hk,6
0.9844983498181366,0.0,200.0,0.0,500.0,0.5,0.5,0.5,1.0,0.1018347643240832,48,degroot_bias,6
0.910755112480204,0.41,118.0,0.8135593220338984,295.0,0.5,0.5,0.5,1.0,0.1650980296341581,49,dynamic_babe,7
0.695063869294918,0.0,200.0,0.0,500.0,0.5,0.5,0.5,1.0,0.1072811179074336,49,hk,7
0.9928400193005636,0.0,200.0,0.0,500.0,0.5,0.5,0.5,1.0,0.1169243839006996,49,degroot_bias,7
0.9859933820313956,0.368,126.4,1.1993670886075949,316.0,0.5,0.5,0.5,1.0,0.0935939488865411,50,dynamic_babe,8
0.6950009711116674,0.0,200.0,0.0,500.0,0.5,0.5,0.5,1.0,0.0786356559155587,50,hk,8
0.9925640919051756,0.0,200.0,0.0,500.0,0.5,0.5,0.5,1.0,0.0812785130584159,50,degroot_bias,8
0.98434034165053,0.4,120.0,0.94,300.0,0.5,0.5,0.5,1.0,0.0794214935762142,51,dynamic_babe,9
0.6992845433838365,0.0,200.0,0.0,500.0,0.5,0.5,0.5,1.0,0.0661051314137388,51,hk,9
0.9917133889694072,0.0,200.0,0.0,500.0,0.5,0.5,0.5,1.0,0.0811514790446025,51,degroot_bias,9
0.9870049349254206,0.382,123.6,0.970873786407767,309.0,0.5,0.5,0.5,1.0,0.0939647041773015,52,dynamic_babe,10
0.6867242581075306,0.0,200.0,0.0,500.0,0.5,0.5,0.5,1.0,0.0715494326419943,52,hk,10
0.9944261660504956,0.0,200.0,0.0,500.0,0.5,0.5,0.5,1.0,0.0730984522498374,52,degroot_bias,10
0.9928313489834836,0.408,118.4,1.0810810810810811,296.0,0.5,0.5,0.5,1.0,0.1424113342591603,53,dynamic_babe,11
0.7062729516186599,0.0,200.0,0.0,500.0,0.5,0.5,0.5,1.0,0.0912609730848861,53,hk,11
0.9938666015061186,0.0,200.0,0.0,500.0,0.5,0.5,0.5,1.0,0.0962904103143233,53,degroot_bias,11
0.9860777976999708,0.364,127.2,0.9528301886792452,318.0,0.5,0.5,0.5,1.0,0.0947993851577087,54,dynamic_babe,12
0.7007973104875037,0.0,200.0,0.0,500.0,0.5,0.5,0.5,1.0,0.0779559047490475,54,hk,12
0.9844493112251566,0.0,200.0,0.0,500.0,0.5,0.5,0.5,1.0,0.0853242380823808,54,degroot_bias,12
0.8688296535817306,0.39,122.0,0.7016393442622951,305.0,0.5,0.5,0.5,1.0,0.1037119788588823,55,dynamic_babe,13
0.7055501127487215,0.0,200.0,0.0,500.0,0.5,0.5,0.5,1.0,0.0757533732787276,55,hk,13
0.9866126126486816,0.0,200.0,0.0,500.0,0.5,0.5,0.5,1.0,0.0862528268306401,55,degroot_bias,13
0.9779903213425544,0.408,118.4,0.8783783783783784,296.0,0.5,0.5,0.5,1.0,0.1106550940558293,56,dynamic_babe,14
0.7090969809222908,0.0,200.0,0.0,500.0,0.5,0.5,0.5,1.0,0.078340737758973,56,hk,14
0.9843461991156356,0.0,200.0,0.0,500.0,0.5,0.5,0.5,1.0,0.0895748286680639,56,degroot_bias,14
0.9170456020914876,0.438,112.4,1.0498220640569396,281.0,0.5,0.5,0.5,1.0,0.1033484507313876,57,dynamic_babe,15
0.7053141255787869,0.0,200.0,0.0,500.0,0.5,0.5,0.5,1.0,0.0627174585940375,57,hk,15
0.992961952613722,0.0,200.0,0.0,500.0,0.5,0.5,0.5,1.0,0.0627174585940375,57,degroot_bias,15
0.91921515930675,0.372,125.6,0.961783439490446,314.0,0.5,0.5,0.5,1.0,0.0900286647646687,58,dynamic_babe,16
0.7098141451903995,0.0,200.0,0.0,500.0,0.5,0.5,0.5,1.0,0.0839308728193206,58,hk,16
0.983369790217285,0.0,200.0,0.0,500.0,0.5,0.5,0.5,1.0,0.0881126910011388,58,degroot_bias,16
0.9495815073745216,0.396,120.8,0.7086092715231788,302.0,0.5,0.5,0.5,1.0,0.0787750706363463,59,dynamic_babe,17
0.6902148358148207,0.0,200.0,0.0,500.0,0.5,0.5,0.5,1.0,0.0590516030879875,59,hk,17
0.9957132999660542,0.0,200.0,0.0,500.0,0.5,0.5,0.5,1.0,0.0552159387523231,59,degroot_bias,17
0.9801134850839116,0.352,129.6,1.132716049382716,324.0,0.5,0.5,0.5,1.0,0.0966967325970919,60,dynamic_babe,18
0.6807964615994507,0.0,200.0,0.0,500.0,0.5,0.5,0.5,1.0,0.0875849611140655,60,hk,18
0.9866629687629715,0.0,200.0,0.0,500.0,0.5,0.5,0.5,1.0,0.0875849611140655,60,degroot_bias,18
0.9781021007692536,0.406,118.8,1.1313131313131313,297.0,0.5,0.5,0.5,1.0,0.0737999796119694,61,dynamic_babe,19
0.6960247320064239,0.0,200.0,0.0,500.0,0.5,0.5,0.5,1.0,0.0533375834863451,61,hk,19
0.9904551368647364,0.0,200.0,0.0,500.0,0.5,0.5,0.5,1.0,0.0700253863267795,61,degroot_bias,19
