Parameter,Label,Value,Bridge,Run,Polarization,Churn_Rate,Revenue,Avg_Frustration,Active_Users
BETA_MEAN,Cognitive Entrenchment (β),1.0,False,1,1.255035381575934e-11,0.0,500.0,0.0,500.0
BETA_MEAN,Cognitive Entrenchment (β),1.0,False,0,8.191532353571697e-12,0.0,500.0,0.0,500.0
BETA_MEAN,Cognitive Entrenchment (β),1.0,False,2,1.752124387586314e-10,0.0,500.0,0.0,500.0
BETA_MEAN,Cognitive Entrenchment (β),1.0,False,3,3.662282759003397e-11,0.0,500.0,0.0,500.0
BETA_MEAN,Cognitive Entrenchment (β),1.0,False,4,2.5266900033858962e-11,0.0,500.0,0.0,500.0
BETA_MEAN,Cognitive Entrenchment (β),1.0,True,0,1.2024045702839797e-11,0.0,500.0,0.0,500.0
BETA_MEAN,Cognitive Entrenchment (β),1.0,True,1,4.8151090828921116e-12,0.0,500.0,0.0,500.0
BETA_MEAN,Cognitive Entrenchment (β),1.0,True,2,1.1140067660002795e-10,0.0,500.0,0.0,500.0
BETA_MEAN,Cognitive Entrenchment (β),1.0,True,4,1.843261604913128e-11,0.0,500.0,0.0,500.0
BETA_MEAN,Cognitive Entrenchment (β),1.0,True,3,3.852849090349453e-11,0.0,500.0,0.0,500.0
BETA_MEAN,Cognitive Entrenchment (β),2.0,False,1,8.483429698030712e-09,0.006,497.0,0.0,497.0
BETA_MEAN,Cognitive Entrenchment (β),2.0,False,0,2.376057158790273e-09,0.0,500.0,0.0,500.0
BETA_MEAN,Cognitive Entrenchment (β),2.0,False,2,2.2093310421865793e-08,0.002,499.0,0.0,499.0
BETA_MEAN,Cognitive Entrenchment (β),2.0,False,3,2.2942299567826626e-08,0.0,500.0,0.0,500.0
BETA_MEAN,Cognitive Entrenchment (β),2.0,False,4,6.48036730249341e-09,0.0,500.0,0.0,500.0
BETA_MEAN,Cognitive Entrenchment (β),2.0,True,0,1.8555945894954864e-09,0.0,500.0,0.0,500.0
BETA_MEAN,Cognitive Entrenchment (β),2.0,True,1,3.973870376174951e-09,0.0,500.0,0.0,500.0
BETA_MEAN,Cognitive Entrenchment (β),2.0,True,2,2.3760416192915234e-08,0.0,500.0,0.0,500.0
BETA_MEAN,Cognitive Entrenchment (β),2.0,True,3,8.769497778164193e-09,0.0,500.0,0.0,500.0
BETA_MEAN,Cognitive Entrenchment (β),2.0,True,4,8.830104278173543e-09,0.0,500.0,0.0,500.0
BETA_MEAN,Cognitive Entrenchment (β),3.0,False,0,0.9308200961309218,0.296,140.8,0.9090909090909091,352.0
BETA_MEAN,Cognitive Entrenchment (β),3.0,False,1,0.9117852908028041,0.288,142.4,0.8764044943820225,356.0
BETA_MEAN,Cognitive Entrenchment (β),3.0,False,2,0.9459883926839967,0.298,140.4,0.8376068376068376,351.0
BETA_MEAN,Cognitive Entrenchment (β),3.0,False,3,0.8913214792091028,0.33,134.0,0.7283582089552239,335.0
BETA_MEAN,Cognitive Entrenchment (β),3.0,False,4,0.8748549192605384,0.336,132.8,0.7921686746987951,332.0
BETA_MEAN,Cognitive Entrenchment (β),3.0,True,0,0.9432143957301067,0.002,199.60000000000002,0.4729458917835671,499.0
BETA_MEAN,Cognitive Entrenchment (β),3.0,True,1,0.9308436219785544,0.006,198.8,0.4386317907444668,497.0
BETA_MEAN,Cognitive Entrenchment (β),3.0,True,2,0.9594320761358632,0.0,200.0,0.474,500.0
BETA_MEAN,Cognitive Entrenchment (β),3.0,True,3,0.9481721059053448,0.0,200.0,0.446,500.0
BETA_MEAN,Cognitive Entrenchment (β),3.0,True,4,0.9393706192184187,0.002,199.60000000000002,0.43286573146292584,499.0
BETA_MEAN,Cognitive Entrenchment (β),4.0,False,0,0.9953985465532528,0.36,128.0,1.290625,320.0
BETA_MEAN,Cognitive Entrenchment (β),4.0,False,1,0.9766764008250769,0.368,126.4,0.870253164556962,316.0
BETA_MEAN,Cognitive Entrenchment (β),4.0,False,2,0.9669266466372876,0.39,122.0,1.1672131147540983,305.0
BETA_MEAN,Cognitive Entrenchment (β),4.0,False,3,0.9145696479614734,0.396,120.80000000000001,0.8245033112582781,302.0
BETA_MEAN,Cognitive Entrenchment (β),4.0,False,4,0.9901826742598173,0.36,128.0,1.04375,320.0
BETA_MEAN,Cognitive Entrenchment (β),4.0,True,0,0.9935702254106348,0.006,198.8,0.5090543259557344,497.0
BETA_MEAN,Cognitive Entrenchment (β),4.0,True,1,0.990574147310863,0.002,199.60000000000002,0.6653306613226453,499.0
BETA_MEAN,Cognitive Entrenchment (β),4.0,True,2,0.9959642549205482,0.006,198.8,0.5613682092555332,497.0
BETA_MEAN,Cognitive Entrenchment (β),4.0,True,3,0.9920607456014681,0.002,199.60000000000002,0.6032064128256514,499.0
BETA_MEAN,Cognitive Entrenchment (β),4.0,True,4,0.9906145720052312,0.006,198.8,0.5070422535211268,497.0
BETA_MEAN,Cognitive Entrenchment (β),5.0,False,0,0.9949386543469746,0.388,122.4,1.2908496732026145,306.0
BETA_MEAN,Cognitive Entrenchment (β),5.0,False,1,0.9769300977922729,0.41,118.0,1.1491525423728814,295.0
BETA_MEAN,Cognitive Entrenchment (β),5.0,False,2,0.9795162383427759,0.414,117.2,0.9658703071672355,293.0
BETA_MEAN,Cognitive Entrenchment (β),5.0,False,3,0.923346278074487,0.434,113.2,0.872791519434629,283.0
BETA_MEAN,Cognitive Entrenchment (β),5.0,False,4,0.9780881631725871,0.414,117.2,0.7508532423208191,293.0
BETA_MEAN,Cognitive Entrenchment (β),5.0,True,0,0.9986346760549708,0.004,199.20000000000002,0.6947791164658634,498.0
BETA_MEAN,Cognitive Entrenchment (β),5.0,True,1,0.9997569995636271,0.002,199.60000000000002,0.6833667334669339,499.0
BETA_MEAN,Cognitive Entrenchment (β),5.0,True,2,0.9987340626131098,0.006,198.8,0.5814889336016097,497.0
BETA_MEAN,Cognitive Entrenchment (β),5.0,True,3,0.9986772027416925,0.004,199.20000000000002,0.6807228915662651,498.0
BETA_MEAN,Cognitive Entrenchment (β),5.0,True,4,0.9987139223029048,0.002,199.60000000000002,0.6913827655310621,499.0
BETA_MEAN,Cognitive Entrenchment (β),6.0,False,0,0.9963837385704295,0.388,122.4,1.2941176470588236,306.0
BETA_MEAN,Cognitive Entrenchment (β),6.0,False,1,0.9783628247662819,0.42,116.0,1.0310344827586206,290.0
BETA_MEAN,Cognitive Entrenchment (β),6.0,False,2,0.9643569328819448,0.418,116.4,0.9587628865979382,291.0
BETA_MEAN,Cognitive Entrenchment (β),6.0,False,3,0.9448756787932394,0.444,111.2,0.8597122302158273,278.0
BETA_MEAN,Cognitive Entrenchment (β),6.0,False,4,0.9931979204638584,0.416,116.80000000000001,0.863013698630137,292.0
BETA_MEAN,Cognitive Entrenchment (β),6.0,True,0,0.9996079231378688,0.0,200.0,0.684,500.0
BETA_MEAN,Cognitive Entrenchment (β),6.0,True,1,0.9999274178913924,0.004,199.20000000000002,0.6204819277108434,498.0
BETA_MEAN,Cognitive Entrenchment (β),6.0,True,2,0.9985350774582006,0.002,199.60000000000002,0.6773547094188377,499.0
BETA_MEAN,Cognitive Entrenchment (β),6.0,True,3,0.9993412868527942,0.008,198.4,0.5705645161290323,496.0
BETA_MEAN,Cognitive Entrenchment (β),7.0,False,0,0.9931252148745132,0.402,119.60000000000001,1.080267558528428,299.0
BETA_MEAN,Cognitive Entrenchment (β),6.0,True,4,0.9994148298607904,0.006,198.8,0.607645875251509,497.0
BETA_MEAN,Cognitive Entrenchment (β),7.0,False,1,0.9885818385023951,0.416,116.80000000000001,0.9863013698630136,292.0
BETA_MEAN,Cognitive Entrenchment (β),7.0,False,2,0.9695488587934459,0.412,117.60000000000001,0.9081632653061225,294.0
BETA_MEAN,Cognitive Entrenchment (β),7.0,False,3,0.9477045723966012,0.436,112.80000000000001,0.8723404255319149,282.0
BETA_MEAN,Cognitive Entrenchment (β),7.0,False,4,0.9931979204638584,0.416,116.80000000000001,0.863013698630137,292.0
BETA_MEAN,Cognitive Entrenchment (β),7.0,True,0,0.999419512562627,0.002,199.60000000000002,0.6753507014028056,499.0
BETA_MEAN,Cognitive Entrenchment (β),7.0,True,1,0.9999016019797708,0.002,199.60000000000002,0.5971943887775552,499.0
BETA_MEAN,Cognitive Entrenchment (β),7.0,True,2,0.9985350774582006,0.002,199.60000000000002,0.6773547094188377,499.0
BETA_MEAN,Cognitive Entrenchment (β),7.0,True,3,0.9996079231378691,0.0,200.0,0.62,500.0
BETA_MEAN,Cognitive Entrenchment (β),8.0,False,0,0.9931252148745132,0.402,119.60000000000001,1.080267558528428,299.0
BETA_MEAN,Cognitive Entrenchment (β),7.0,True,4,0.9994148298607904,0.006,198.8,0.607645875251509,497.0
BETA_MEAN,Cognitive Entrenchment (β),8.0,False,1,0.9732544637854524,0.408,118.4,1.0675675675675675,296.0
BETA_MEAN,Cognitive Entrenchment (β),8.0,False,2,0.9695488587934459,0.412,117.60000000000001,0.9081632653061225,294.0
BETA_MEAN,Cognitive Entrenchment (β),8.0,False,3,0.9624447404225601,0.418,116.4,1.127147766323024,291.0
BETA_MEAN,Cognitive Entrenchment (β),8.0,False,4,0.9931979204638584,0.416,116.80000000000001,0.863013698630137,292.0
BETA_MEAN,Cognitive Entrenchment (β),8.0,True,0,0.999419512562627,0.002,199.60000000000002,0.6753507014028056,499.0
BETA_MEAN,Cognitive Entrenchment (β),8.0,True,1,0.9999016019797708,0.002,199.60000000000002,0.5971943887775552,499.0
BETA_MEAN,Cognitive Entrenchment (β),8.0,True,2,0.9985350774582006,0.002,199.60000000000002,0.6773547094188377,499.0
BETA_MEAN,Cognitive Entrenchment (β),8.0,True,3,0.9996079231378691,0.0,200.0,0.62,500.0
ASSIMILATION_THRESHOLD,Assimilation Threshold,0.1,False,0,0.9901133477775762,0.372,125.60000000000001,1.1401273885350318,314.0
BETA_MEAN,Cognitive Entrenchment (β),8.0,True,4,0.9994148298607904,0.006,198.8,0.607645875251509,497.0
ASSIMILATION_THRESHOLD,Assimilation Threshold,0.1,False,1,0.9773961172859227,0.388,122.4,0.8725490196078431,306.0
ASSIMILATION_THRESHOLD,Assimilation Threshold,0.1,False,2,0.9779336748150662,0.388,122.4,1.2254901960784315,306.0
ASSIMILATION_THRESHOLD,Assimilation Threshold,0.1,False,3,0.8978741917669715,0.394,121.2,0.6171617161716172,303.0
ASSIMILATION_THRESHOLD,Assimilation Threshold,0.1,False,4,0.9822515836084689,0.362,127.60000000000001,1.0,319.0
ASSIMILATION_THRESHOLD,Assimilation Threshold,0.1,True,0,0.9892648800514283,0.006,198.8,0.5734406438631791,497.0
ASSIMILATION_THRESHOLD,Assimilation Threshold,0.1,True,1,0.988214093295537,0.0,200.0,0.578,500.0
ASSIMILATION_THRESHOLD,Assimilation Threshold,0.1,True,2,0.9850808992888269,0.002,199.60000000000002,0.5951903807615231,499.0
ASSIMILATION_THRESHOLD,Assimilation Threshold,0.1,True,3,0.9813764680663905,0.004,199.20000000000002,0.5,498.0
ASSIMILATION_THRESHOLD,Assimilation Threshold,0.2,False,0,0.9860120955552221,0.38,124.0,0.832258064516129,310.0
ASSIMILATION_THRESHOLD,Assimilation Threshold,0.1,True,4,0.9896531417671367,0.0,200.0,0.532,500.0
ASSIMILATION_THRESHOLD,Assimilation Threshold,0.2,False,1,0.9834568080518183,0.382,123.60000000000001,0.919093851132686,309.0
ASSIMILATION_THRESHOLD,Assimilation Threshold,0.2,False,2,0.9659040627468475,0.39,122.0,1.0655737704918034,305.0
ASSIMILATION_THRESHOLD,Assimilation Threshold,0.2,False,3,0.9026014382603462,0.406,118.80000000000001,0.8855218855218855,297.0
ASSIMILATION_THRESHOLD,Assimilation Threshold,0.2,False,4,0.9841522214231293,0.372,125.60000000000001,0.9936305732484076,314.0
ASSIMILATION_THRESHOLD,Assimilation Threshold,0.2,True,0,0.9925602486207927,0.004,199.20000000000002,0.6305220883534136,498.0
ASSIMILATION_THRESHOLD,Assimilation Threshold,0.2,True,1,0.9918255410125913,0.0,200.0,0.498,500.0
ASSIMILATION_THRESHOLD,Assimilation Threshold,0.2,True,2,0.9950414713815376,0.002,199.60000000000002,0.6633266533066132,499.0
ASSIMILATION_THRESHOLD,Assimilation Threshold,0.2,True,3,0.9894651785977724,0.004,199.20000000000002,0.5441767068273092,498.0
ASSIMILATION_THRESHOLD,Assimilation Threshold,0.3,False,0,0.9953985465532528,0.36,128.0,1.290625,320.0
ASSIMILATION_THRESHOLD,Assimilation Threshold,0.2,True,4,0.9874008510335356,0.0,200.0,0.608,500.0
ASSIMILATION_THRESHOLD,Assimilation Threshold,0.3,False,1,0.9766764008250769,0.368,126.4,0.870253164556962,316.0
ASSIMILATION_THRESHOLD,Assimilation Threshold,0.3,False,2,0.9669266466372876,0.39,122.0,1.1672131147540983,305.0
ASSIMILATION_THRESHOLD,Assimilation Threshold,0.3,False,3,0.9145696479614734,0.396,120.80000000000001,0.8245033112582781,302.0
ASSIMILATION_THRESHOLD,Assimilation Threshold,0.3,False,4,0.9901826742598173,0.36,128.0,1.04375,320.0
ASSIMILATION_THRESHOLD,Assimilation Threshold,0.3,True,0,0.9935702254106348,0.006,198.8,0.5090543259557344,497.0
ASSIMILATION_THRESHOLD,Assimilation Threshold,0.3,True,1,0.990574147310863,0.002,199.60000000000002,0.6653306613226453,499.0
ASSIMILATION_THRESHOLD,Assimilation Threshold,0.3,True,2,0.9959642549205482,0.006,198.8,0.5613682092555332,497.0
ASSIMILATION_THRESHOLD,Assimilation Threshold,0.3,True,3,0.9920607456014681,0.002,199.60000000000002,0.6032064128256514,499.0
ASSIMILATION_THRESHOLD,Assimilation Threshold,0.4,False,0,0.9986957622862104,0.36,128.0,0.934375,320.0
ASSIMILATION_THRESHOLD,Assimilation Threshold,0.3,True,4,0.9906145720052312,0.006,198.8,0.5070422535211268,497.0
ASSIMILATION_THRESHOLD,Assimilation Threshold,0.4,False,1,0.9765234043952019,0.396,120.80000000000001,0.8675496688741722,302.0
ASSIMILATION_THRESHOLD,Assimilation Threshold,0.4,False,2,0.9879367388451076,0.398,120.4,1.1262458471760797,301.0
ASSIMILATION_THRESHOLD,Assimilation Threshold,0.4,False,3,0.9093934423442481,0.398,120.4,0.9136212624584718,301.0
ASSIMILATION_THRESHOLD,Assimilation Threshold,0.4,False,4,0.9793132085595423,0.384,123.2,0.9123376623376623,308.0
ASSIMILATION_THRESHOLD,Assimilation Threshold,0.4,True,0,0.9960805275080198,0.002,199.60000000000002,0.5190380761523046,499.0
ASSIMILATION_THRESHOLD,Assimilation Threshold,0.4,True,1,0.9929642571533641,0.01,198.0,0.5454545454545454,495.0
ASSIMILATION_THRESHOLD,Assimilation Threshold,0.4,True,2,0.997546002952711,0.004,199.20000000000002,0.7128514056224899,498.0
ASSIMILATION_THRESHOLD,Assimilation Threshold,0.4,True,3,0.9860601560683881,0.0,200.0,0.532,500.0
ASSIMILATION_THRESHOLD,Assimilation Threshold,0.5,False,0,0.9897221599065844,0.386,122.80000000000001,0.9837133550488599,307.0
ASSIMILATION_THRESHOLD,Assimilation Threshold,0.4,True,4,0.9939860565258355,0.002,199.60000000000002,0.6112224448897795,499.0
ASSIMILATION_THRESHOLD,Assimilation Threshold,0.5,False,1,0.9857920699465876,0.382,123.60000000000001,0.9352750809061489,309.0
ASSIMILATION_THRESHOLD,Assimilation Threshold,0.5,False,2,0.9903034054227646,0.39,122.0,1.2295081967213115,305.0
ASSIMILATION_THRESHOLD,Assimilation Threshold,0.5,False,4,0.9812724780708736,0.386,122.80000000000001,1.1205211726384365,307.0
ASSIMILATION_THRESHOLD,Assimilation Threshold,0.5,False,3,0.9395310959567941,0.404,119.2,0.7919463087248322,298.0
ASSIMILATION_THRESHOLD,Assimilation Threshold,0.5,True,1,0.9955085417746045,0.002,199.60000000000002,0.5591182364729459,499.0
ASSIMILATION_THRESHOLD,Assimilation Threshold,0.5,True,0,0.9954498725393496,0.006,198.8,0.6297786720321932,497.0
ASSIMILATION_THRESHOLD,Assimilation Threshold,0.5,True,2,0.9979258931618713,0.0,200.0,0.666,500.0
ASSIMILATION_THRESHOLD,Assimilation Threshold,0.5,True,3,0.9876959912790839,0.002,199.60000000000002,0.5671342685370742,499.0
CHURN_THRESHOLD,Churn Threshold (T_c),5.0,False,0,0.9803978780978619,0.514,97.2,0.11522633744855967,243.0
ASSIMILATION_THRESHOLD,Assimilation Threshold,0.5,True,4,0.9997569995636268,0.002,199.60000000000002,0.593186372745491,499.0
CHURN_THRESHOLD,Churn Threshold (T_c),5.0,False,1,0.9224864886391091,0.544,91.2,0.05701754385964912,228.0
CHURN_THRESHOLD,Churn Threshold (T_c),5.0,False,2,0.9820672854723885,0.554,89.2,0.1210762331838565,223.0
CHURN_THRESHOLD,Churn Threshold (T_c),5.0,False,3,0.8033261937561792,0.534,93.2,0.09871244635193133,233.0
CHURN_THRESHOLD,Churn Threshold (T_c),5.0,False,4,0.92203879428617,0.52,96.0,0.1125,240.0
CHURN_THRESHOLD,Churn Threshold (T_c),5.0,True,0,0.9894986924410254,0.208,158.4,0.2878787878787879,396.0
CHURN_THRESHOLD,Churn Threshold (T_c),5.0,True,1,0.9907054144365999,0.206,158.8,0.23929471032745592,397.0
CHURN_THRESHOLD,Churn Threshold (T_c),5.0,True,2,0.9895839056964653,0.194,161.20000000000002,0.38957816377171217,403.0
CHURN_THRESHOLD,Churn Threshold (T_c),5.0,True,3,0.9672233851731488,0.22,156.0,0.3230769230769231,390.0
CHURN_THRESHOLD,Churn Threshold (T_c),5.0,True,4,0.9951044742089962,0.198,160.4,0.3167082294264339,401.0
CHURN_THRESHOLD,Churn Threshold (T_c),10.0,False,0,0.9725137270115859,0.442,111.60000000000001,0.46953405017921146,279.0
CHURN_THRESHOLD,Churn Threshold (T_c),10.0,False,1,0.985144981571562,0.426,114.80000000000001,0.4181184668989547,287.0
CHURN_THRESHOLD,Churn Threshold (T_c),10.0,False,2,0.9772185536694546,0.426,114.80000000000001,0.5400696864111498,287.0
CHURN_THRESHOLD,Churn Threshold (T_c),10.0,False,3,0.8743626007494055,0.462,107.60000000000001,0.40892193308550184,269.0
CHURN_THRESHOLD,Churn Threshold (T_c),10.0,False,4,0.9884806815447488,0.416,116.80000000000001,0.6678082191780822,292.0
CHURN_THRESHOLD,Churn Threshold (T_c),10.0,True,0,0.9955238596398857,0.028,194.4,0.4835390946502058,486.0
CHURN_THRESHOLD,Churn Threshold (T_c),10.0,True,1,0.9926492146590562,0.026,194.8,0.5256673511293635,487.0
CHURN_THRESHOLD,Churn Threshold (T_c),10.0,True,2,0.9958101026750035,0.014,197.20000000000002,0.5456389452332657,493.0
CHURN_THRESHOLD,Churn Threshold (T_c),10.0,True,3,0.985764997798923,0.014,197.20000000000002,0.5253549695740365,493.0
CHURN_THRESHOLD,Churn Threshold (T_c),10.0,True,4,0.9898887526851967,0.018,196.4,0.5417515274949084,491.0
CHURN_THRESHOLD,Churn Threshold (T_c),15.0,False,0,0.9953985465532528,0.36,128.0,1.290625,320.0
CHURN_THRESHOLD,Churn Threshold (T_c),15.0,False,1,0.9766764008250769,0.368,126.4,0.870253164556962,316.0
CHURN_THRESHOLD,Churn Threshold (T_c),15.0,False,2,0.9669266466372876,0.39,122.0,1.1672131147540983,305.0
CHURN_THRESHOLD,Churn Threshold (T_c),15.0,False,3,0.9145696479614734,0.396,120.80000000000001,0.8245033112582781,302.0
CHURN_THRESHOLD,Churn Threshold (T_c),15.0,False,4,0.9901826742598173,0.36,128.0,1.04375,320.0
CHURN_THRESHOLD,Churn Threshold (T_c),15.0,True,0,0.9935702254106348,0.006,198.8,0.5090543259557344,497.0
CHURN_THRESHOLD,Churn Threshold (T_c),15.0,True,1,0.990574147310863,0.002,199.60000000000002,0.6653306613226453,499.0
CHURN_THRESHOLD,Churn Threshold (T_c),15.0,True,2,0.9959642549205482,0.006,198.8,0.5613682092555332,497.0
CHURN_THRESHOLD,Churn Threshold (T_c),15.0,True,3,0.9920607456014681,0.002,199.60000000000002,0.6032064128256514,499.0
CHURN_THRESHOLD,Churn Threshold (T_c),20.0,False,0,0.9954721152342769,0.336,132.8,1.1957831325301205,332.0
CHURN_THRESHOLD,Churn Threshold (T_c),15.0,True,4,0.9906145720052312,0.006,198.8,0.5070422535211268,497.0
CHURN_THRESHOLD,Churn Threshold (T_c),20.0,False,1,0.9860490700774018,0.356,128.8,1.3819875776397517,322.0
CHURN_THRESHOLD,Churn Threshold (T_c),20.0,False,2,0.9814252689304125,0.36,128.0,1.38125,320.0
CHURN_THRESHOLD,Churn Threshold (T_c),20.0,False,3,0.9192028504364024,0.376,124.80000000000001,1.0705128205128205,312.0
CHURN_THRESHOLD,Churn Threshold (T_c),20.0,False,4,0.9865997337019581,0.356,128.8,1.2763975155279503,322.0
CHURN_THRESHOLD,Churn Threshold (T_c),20.0,True,0,0.988562081800156,0.002,199.60000000000002,0.5270541082164328,499.0
CHURN_THRESHOLD,Churn Threshold (T_c),20.0,True,1,0.9923694681344017,0.0,200.0,0.58,500.0
CHURN_THRESHOLD,Churn Threshold (T_c),20.0,True,2,0.9968732099993217,0.0,200.0,0.614,500.0
CHURN_THRESHOLD,Churn Threshold (T_c),20.0,True,3,0.9890816474346777,0.0,200.0,0.51,500.0
CHURN_THRESHOLD,Churn Threshold (T_c),30.0,False,0,0.9920661251058529,0.302,139.6,2.5988538681948423,349.0
CHURN_THRESHOLD,Churn Threshold (T_c),20.0,True,4,0.9950925199736244,0.0,200.0,0.584,500.0
CHURN_THRESHOLD,Churn Threshold (T_c),30.0,False,1,0.9932960680896705,0.31,138.0,2.6695652173913045,345.0
CHURN_THRESHOLD,Churn Threshold (T_c),30.0,False,2,0.9812940816910896,0.316,136.8,3.0116959064327484,342.0
CHURN_THRESHOLD,Churn Threshold (T_c),30.0,False,3,0.9569278288594882,0.32,136.0,2.411764705882353,340.0
CHURN_THRESHOLD,Churn Threshold (T_c),30.0,False,4,0.9804637584114795,0.31,138.0,2.4057971014492754,345.0
CHURN_THRESHOLD,Churn Threshold (T_c),30.0,True,0,0.9948115423147543,0.0,200.0,0.54,500.0
CHURN_THRESHOLD,Churn Threshold (T_c),30.0,True,1,0.9923694681344017,0.0,200.0,0.58,500.0
CHURN_THRESHOLD,Churn Threshold (T_c),30.0,True,2,0.9968732099993217,0.0,200.0,0.614,500.0
CHURN_THRESHOLD,Churn Threshold (T_c),30.0,True,3,0.9890816474346777,0.0,200.0,0.51,500.0
CHURN_THRESHOLD,Churn Threshold (T_c),30.0,True,4,0.9950925199736244,0.0,200.0,0.584,500.0
CHURN_THRESHOLD,Churn Threshold (T_c),50.0,False,0,0.9896602772026499,0.242,151.6,6.04221635883905,379.0
CHURN_THRESHOLD,Churn Threshold (T_c),50.0,False,2,0.9865799540491303,0.274,145.20000000000002,5.895316804407713,363.0
CHURN_THRESHOLD,Churn Threshold (T_c),50.0,False,1,0.9941133884941347,0.266,146.8,5.953678474114441,367.0
CHURN_THRESHOLD,Churn Threshold (T_c),50.0,False,3,0.9678221367800086,0.268,146.4,5.770491803278689,366.0
CHURN_THRESHOLD,Churn Threshold (T_c),50.0,False,4,0.978112506913222,0.258,148.4,6.38544474393531,371.0
CHURN_THRESHOLD,Churn Threshold (T_c),50.0,True,0,0.9948115423147543,0.0,200.0,0.54,500.0
CHURN_THRESHOLD,Churn Threshold (T_c),50.0,True,1,0.9923694681344017,0.0,200.0,0.58,500.0
CHURN_THRESHOLD,Churn Threshold (T_c),50.0,True,2,0.9968732099993217,0.0,200.0,0.614,500.0
CHURN_THRESHOLD,Churn Threshold (T_c),50.0,True,3,0.9890816474346777,0.0,200.0,0.51,500.0
NUM_ISSUES,Number of Issues (N),1.0,False,0,0.9708237485777784,0.396,120.80000000000001,1.0430463576158941,302.0
CHURN_THRESHOLD,Churn Threshold (T_c),50.0,True,4,0.9950925199736244,0.0,200.0,0.584,500.0
NUM_ISSUES,Number of Issues (N),1.0,False,1,0.9959326392610894,0.366,126.80000000000001,0.8233438485804416,317.0
NUM_ISSUES,Number of Issues (N),1.0,False,2,0.9876915920111311,0.392,121.60000000000001,0.9736842105263158,304.0
NUM_ISSUES,Number of Issues (N),1.0,False,3,0.9895803236987816,0.394,121.2,1.0891089108910892,303.0
NUM_ISSUES,Number of Issues (N),1.0,False,4,0.8783782816250445,0.41,118.0,0.8508474576271187,295.0
NUM_ISSUES,Number of Issues (N),1.0,True,0,0.9857933210947353,0.002,199.60000000000002,0.5250501002004008,499.0
NUM_ISSUES,Number of Issues (N),1.0,True,1,0.9879787365632231,0.006,198.8,0.49899396378269617,497.0
NUM_ISSUES,Number of Issues (N),1.0,True,2,0.9949051989859246,0.004,199.20000000000002,0.6506024096385542,498.0
NUM_ISSUES,Number of Issues (N),1.0,True,3,0.9938505329906036,0.01,198.0,0.6101010101010101,495.0
NUM_ISSUES,Number of Issues (N),1.0,True,4,0.9944263619480541,0.01,198.0,0.5959595959595959,495.0
NUM_ISSUES,Number of Issues (N),2.0,False,0,0.9953985465532528,0.36,128.0,1.290625,320.0
NUM_ISSUES,Number of Issues (N),2.0,False,1,0.9766764008250769,0.368,126.4,0.870253164556962,316.0
NUM_ISSUES,Number of Issues (N),2.0,False,2,0.9669266466372876,0.39,122.0,1.1672131147540983,305.0
NUM_ISSUES,Number of Issues (N),2.0,False,3,0.9145696479614734,0.396,120.80000000000001,0.8245033112582781,302.0
NUM_ISSUES,Number of Issues (N),2.0,False,4,0.9901826742598173,0.36,128.0,1.04375,320.0
NUM_ISSUES,Number of Issues (N),2.0,True,0,0.9935702254106348,0.006,198.8,0.5090543259557344,497.0
NUM_ISSUES,Number of Issues (N),2.0,True,1,0.990574147310863,0.002,199.60000000000002,0.6653306613226453,499.0
NUM_ISSUES,Number of Issues (N),2.0,True,2,0.9959642549205482,0.006,198.8,0.5613682092555332,497.0
NUM_ISSUES,Number of Issues (N),2.0,True,3,0.9920607456014681,0.002,199.60000000000002,0.6032064128256514,499.0
NUM_ISSUES,Number of Issues (N),3.0,False,0,0.9363150818139659,0.344,131.20000000000002,0.9634146341463414,328.0
NUM_ISSUES,Number of Issues (N),2.0,True,4,0.9906145720052312,0.006,198.8,0.5070422535211268,497.0
NUM_ISSUES,Number of Issues (N),3.0,False,1,0.9748346274819518,0.384,123.2,0.9935064935064936,308.0
NUM_ISSUES,Number of Issues (N),3.0,False,2,0.9060232158934882,0.404,119.2,0.6812080536912751,298.0
NUM_ISSUES,Number of Issues (N),3.0,False,3,0.9765201532937211,0.392,121.60000000000001,0.7861842105263158,304.0
NUM_ISSUES,Number of Issues (N),3.0,False,4,0.9768049454359312,0.39,122.0,0.7475409836065574,305.0
NUM_ISSUES,Number of Issues (N),3.0,True,0,0.9939400902154386,0.002,199.60000000000002,0.5470941883767535,499.0
NUM_ISSUES,Number of Issues (N),3.0,True,1,0.9883453316682096,0.004,199.20000000000002,0.5903614457831325,498.0
NUM_ISSUES,Number of Issues (N),3.0,True,2,0.9900219252409346,0.004,199.20000000000002,0.6305220883534136,498.0
NUM_ISSUES,Number of Issues (N),3.0,True,3,0.9958537591468365,0.004,199.20000000000002,0.5742971887550201,498.0
NUM_ISSUES,Number of Issues (N),5.0,False,0,0.8980622667383013,0.41,118.0,1.064406779661017,295.0
NUM_ISSUES,Number of Issues (N),3.0,True,4,0.995010476219156,0.006,198.8,0.6559356136820925,497.0
NUM_ISSUES,Number of Issues (N),5.0,False,1,0.9346149264254408,0.404,119.2,0.9899328859060402,298.0
NUM_ISSUES,Number of Issues (N),5.0,False,2,0.9224070428773438,0.366,126.80000000000001,0.8990536277602523,317.0
NUM_ISSUES,Number of Issues (N),5.0,False,3,0.9724420400608688,0.372,125.60000000000001,0.8757961783439491,314.0
NUM_ISSUES,Number of Issues (N),5.0,False,4,0.9591146306995918,0.436,112.80000000000001,0.7340425531914894,282.0
NUM_ISSUES,Number of Issues (N),5.0,True,0,0.990783608802257,0.004,199.20000000000002,0.5863453815261044,498.0
NUM_ISSUES,Number of Issues (N),5.0,True,1,0.990758826796834,0.004,199.20000000000002,0.5963855421686747,498.0
NUM_ISSUES,Number of Issues (N),5.0,True,2,0.9925558985428479,0.004,199.20000000000002,0.7048192771084337,498.0
NUM_ISSUES,Number of Issues (N),5.0,True,3,0.9933386099815781,0.002,199.60000000000002,0.6593186372745491,499.0
NUM_ISSUES,Number of Issues (N),5.0,True,4,0.9797825065647277,0.006,198.8,0.5030181086519114,497.0
TRUST_INFLUENCE,Trust Influence (α),0.0,False,0,0.9953985465532528,0.36,128.0,1.290625,320.0
TRUST_INFLUENCE,Trust Influence (α),0.0,False,1,0.9766764008250769,0.368,126.4,0.870253164556962,316.0
TRUST_INFLUENCE,Trust Influence (α),0.0,False,2,0.9669266466372876,0.39,122.0,1.1672131147540983,305.0
TRUST_INFLUENCE,Trust Influence (α),0.0,False,3,0.9145696479614734,0.396,120.80000000000001,0.8245033112582781,302.0
TRUST_INFLUENCE,Trust Influence (α),0.0,False,4,0.9901826742598173,0.36,128.0,1.04375,320.0
TRUST_INFLUENCE,Trust Influence (α),0.0,True,0,0.9935702254106348,0.006,198.8,0.5090543259557344,497.0
TRUST_INFLUENCE,Trust Influence (α),0.0,True,1,0.990574147310863,0.002,199.60000000000002,0.6653306613226453,499.0
TRUST_INFLUENCE,Trust Influence (α),0.0,True,2,0.9959642549205482,0.006,198.8,0.5613682092555332,497.0
TRUST_INFLUENCE,Trust Influence (α),0.0,True,3,0.9920607456014681,0.002,199.60000000000002,0.6032064128256514,499.0
TRUST_INFLUENCE,Trust Influence (α),0.0,True,4,0.9906145720052312,0.006,198.8,0.5070422535211268,497.0
TRUST_INFLUENCE,Trust Influence (α),0.1,False,0,0.988441064256878,0.38,124.0,0.832258064516129,310.0
TRUST_INFLUENCE,Trust Influence (α),0.1,False,1,0.9746932573189127,0.394,121.2,0.8844884488448845,303.0
TRUST_INFLUENCE,Trust Influence (α),0.1,False,2,0.982257773983602,0.382,123.60000000000001,1.103559870550162,309.0
TRUST_INFLUENCE,Trust Influence (α),0.1,False,3,0.9435246786653441,0.39,122.0,1.1639344262295082,305.0
TRUST_INFLUENCE,Trust Influence (α),0.1,False,4,0.9921720634369808,0.374,125.2,0.9552715654952076,313.0
TRUST_INFLUENCE,Trust Influence (α),0.1,True,0,0.9936474541510479,0.002,199.60000000000002,0.5671342685370742,499.0
TRUST_INFLUENCE,Trust Influence (α),0.1,True,1,0.9921732928513399,0.0,200.0,0.618,500.0
TRUST_INFLUENCE,Trust Influence (α),0.1,True,2,0.9941948524564573,0.0,200.0,0.704,500.0
TRUST_INFLUENCE,Trust Influence (α),0.1,True,3,0.9818131823199462,0.002,199.60000000000002,0.56312625250501,499.0
TRUST_INFLUENCE,Trust Influence (α),0.1,True,4,0.9933261590856209,0.002,199.60000000000002,0.5571142284569138,499.0
TRUST_INFLUENCE,Trust Influence (α),0.2,False,0,0.9770236551261602,0.36,128.0,1.084375,320.0
TRUST_INFLUENCE,Trust Influence (α),0.2,False,1,0.9893283019012614,0.36,128.0,0.953125,320.0
TRUST_INFLUENCE,Trust Influence (α),0.2,False,2,0.9668069908858973,0.39,122.0,1.0491803278688525,305.0
TRUST_INFLUENCE,Trust Influence (α),0.2,False,3,0.945595521515785,0.392,121.60000000000001,1.0032894736842106,304.0
TRUST_INFLUENCE,Trust Influence (α),0.2,False,4,0.9876483186275647,0.362,127.60000000000001,0.9435736677115988,319.0
TRUST_INFLUENCE,Trust Influence (α),0.2,True,0,0.9918561819059762,0.002,199.60000000000002,0.5110220440881763,499.0
TRUST_INFLUENCE,Trust Influence (α),0.2,True,1,0.9924880043309874,0.004,199.20000000000002,0.6124497991967871,498.0
TRUST_INFLUENCE,Trust Influence (α),0.2,True,2,0.9917887451552161,0.002,199.60000000000002,0.625250501002004,499.0
TRUST_INFLUENCE,Trust Influence (α),0.2,True,3,0.9825562752057664,0.006,198.8,0.5271629778672032,497.0
TRUST_INFLUENCE,Trust Influence (α),0.3,False,0,0.9920409374855134,0.358,128.4,0.7227414330218068,321.0
TRUST_INFLUENCE,Trust Influence (α),0.2,True,4,0.9958634016863026,0.0,200.0,0.538,500.0
TRUST_INFLUENCE,Trust Influence (α),0.3,False,1,0.980508909988553,0.364,127.2,0.8176100628930818,318.0
TRUST_INFLUENCE,Trust Influence (α),0.3,False,2,0.9835518167234711,0.37,126.0,1.2857142857142858,315.0
TRUST_INFLUENCE,Trust Influence (α),0.3,False,3,0.8975013666431232,0.378,124.4,0.8327974276527331,311.0
TRUST_INFLUENCE,Trust Influence (α),0.3,False,4,0.975651160744616,0.37,126.0,0.9841269841269841,315.0
TRUST_INFLUENCE,Trust Influence (α),0.3,True,0,0.9907638682407038,0.002,199.60000000000002,0.5971943887775552,499.0
TRUST_INFLUENCE,Trust Influence (α),0.3,True,1,0.990450946289628,0.0,200.0,0.528,500.0
TRUST_INFLUENCE,Trust Influence (α),0.3,True,2,0.9888836660373408,0.004,199.20000000000002,0.5180722891566265,498.0
TRUST_INFLUENCE,Trust Influence (α),0.3,True,3,0.9806894211989944,0.004,199.20000000000002,0.6485943775100401,498.0
TRUST_INFLUENCE,Trust Influence (α),0.5,False,0,0.9868553217751215,0.346,130.8,0.8501529051987767,327.0
TRUST_INFLUENCE,Trust Influence (α),0.3,True,4,0.9882901081572081,0.004,199.20000000000002,0.5522088353413654,498.0
TRUST_INFLUENCE,Trust Influence (α),0.5,False,1,0.9751610323565294,0.336,132.8,1.213855421686747,332.0
TRUST_INFLUENCE,Trust Influence (α),0.5,False,2,0.9835924075865266,0.368,126.4,0.9177215189873418,316.0
TRUST_INFLUENCE,Trust Influence (α),0.5,False,3,0.8976424139811964,0.382,123.60000000000001,0.8576051779935275,309.0
TRUST_INFLUENCE,Trust Influence (α),0.5,False,4,0.9740789079688341,0.36,128.0,0.9375,320.0
TRUST_INFLUENCE,Trust Influence (α),0.5,True,0,0.9866287931895202,0.006,198.8,0.4768611670020121,497.0
TRUST_INFLUENCE,Trust Influence (α),0.5,True,1,0.9856520544274174,0.0,200.0,0.51,500.0
TRUST_INFLUENCE,Trust Influence (α),0.5,True,2,0.9919392270751919,0.002,199.60000000000002,0.48296593186372744,499.0
TRUST_INFLUENCE,Trust Influence (α),0.5,True,3,0.9891289062366758,0.006,198.8,0.5392354124748491,497.0
TRUST_INFLUENCE,Trust Influence (α),0.8,False,0,0.9798496177867078,0.32,136.0,1.1823529411764706,340.0
TRUST_INFLUENCE,Trust Influence (α),0.5,True,4,0.9872361939347555,0.002,199.60000000000002,0.5531062124248497,499.0
TRUST_INFLUENCE,Trust Influence (α),0.8,False,1,0.9913010045049686,0.332,133.6,0.8892215568862275,334.0
TRUST_INFLUENCE,Trust Influence (α),0.8,False,2,0.9893273263341433,0.35,130.0,1.1446153846153846,325.0
TRUST_INFLUENCE,Trust Influence (α),0.8,False,3,0.9152876884673858,0.35,130.0,0.8215384615384616,325.0
TRUST_INFLUENCE,Trust Influence (α),0.8,False,4,0.9740856895332481,0.332,133.6,1.1047904191616766,334.0
TRUST_INFLUENCE,Trust Influence (α),0.8,True,0,0.9818431965610295,0.002,199.60000000000002,0.4248496993987976,499.0
TRUST_INFLUENCE,Trust Influence (α),0.8,True,1,0.9840434806755868,0.004,199.20000000000002,0.5421686746987951,498.0
TRUST_INFLUENCE,Trust Influence (α),0.8,True,2,0.991659838497986,0.0,200.0,0.542,500.0
TRUST_INFLUENCE,Trust Influence (α),0.8,True,3,0.9853280635300508,0.002,199.60000000000002,0.5150300601202404,499.0
BRIDGE_EFFICACY,Bridge Efficacy,0.0,False,0,0.9953985465532528,0.36,128.0,1.290625,320.0
BRIDGE_EFFICACY,Bridge Efficacy,0.0,False,1,0.9766764008250769,0.368,126.4,0.870253164556962,316.0
BRIDGE_EFFICACY,Bridge Efficacy,0.0,False,2,0.9669266466372876,0.39,122.0,1.1672131147540983,305.0
TRUST_INFLUENCE,Trust Influence (α),0.8,True,4,0.977228749546051,0.0,200.0,0.418,500.0
BRIDGE_EFFICACY,Bridge Efficacy,0.0,False,3,0.9145696479614734,0.396,120.80000000000001,0.8245033112582781,302.0
BRIDGE_EFFICACY,Bridge Efficacy,0.0,False,4,0.9901826742598173,0.36,128.0,1.04375,320.0
BRIDGE_EFFICACY,Bridge Efficacy,0.0,True,0,0.9851184835846599,0.382,123.60000000000001,0.9805825242718447,309.0
BRIDGE_EFFICACY,Bridge Efficacy,0.0,True,1,0.9617889150326557,0.376,124.80000000000001,0.9326923076923077,312.0
BRIDGE_EFFICACY,Bridge Efficacy,0.0,True,2,0.9935368645947024,0.37,126.0,1.2952380952380953,315.0
BRIDGE_EFFICACY,Bridge Efficacy,0.0,True,3,0.9401593768893054,0.392,121.60000000000001,0.9671052631578947,304.0
BRIDGE_EFFICACY,Bridge Efficacy,0.0,True,4,0.9834226840364231,0.378,124.4,1.022508038585209,311.0
BRIDGE_EFFICACY,Bridge Efficacy,0.2,False,0,0.9953985465532528,0.36,128.0,1.290625,320.0
BRIDGE_EFFICACY,Bridge Efficacy,0.2,False,1,0.9766764008250769,0.368,126.4,0.870253164556962,316.0
BRIDGE_EFFICACY,Bridge Efficacy,0.2,False,2,0.9669266466372876,0.39,122.0,1.1672131147540983,305.0
BRIDGE_EFFICACY,Bridge Efficacy,0.2,False,3,0.9145696479614734,0.396,120.80000000000001,0.8245033112582781,302.0
BRIDGE_EFFICACY,Bridge Efficacy,0.2,False,4,0.9901826742598173,0.36,128.0,1.04375,320.0
BRIDGE_EFFICACY,Bridge Efficacy,0.2,True,0,0.9893383227587642,0.166,166.8,1.3237410071942446,417.0
BRIDGE_EFFICACY,Bridge Efficacy,0.2,True,1,0.993388406214746,0.186,162.8,1.095823095823096,407.0
BRIDGE_EFFICACY,Bridge Efficacy,0.2,True,2,0.9914130973138284,0.192,161.60000000000002,1.1856435643564356,404.0
BRIDGE_EFFICACY,Bridge Efficacy,0.2,True,3,0.9783339612509983,0.168,166.4,0.9759615384615384,416.0
BRIDGE_EFFICACY,Bridge Efficacy,0.2,True,4,0.9867129967224739,0.2,160.0,1.18,400.0
BRIDGE_EFFICACY,Bridge Efficacy,0.4,False,0,0.9953985465532528,0.36,128.0,1.290625,320.0
BRIDGE_EFFICACY,Bridge Efficacy,0.4,False,1,0.9766764008250769,0.368,126.4,0.870253164556962,316.0
BRIDGE_EFFICACY,Bridge Efficacy,0.4,False,2,0.9669266466372876,0.39,122.0,1.1672131147540983,305.0
BRIDGE_EFFICACY,Bridge Efficacy,0.4,False,3,0.9145696479614734,0.396,120.80000000000001,0.8245033112582781,302.0
BRIDGE_EFFICACY,Bridge Efficacy,0.4,False,4,0.9901826742598173,0.36,128.0,1.04375,320.0
BRIDGE_EFFICACY,Bridge Efficacy,0.4,True,0,0.9922028137992486,0.02,196.0,0.7612244897959184,490.0
BRIDGE_EFFICACY,Bridge Efficacy,0.4,True,1,0.9939154651663381,0.014,197.20000000000002,0.7038539553752535,493.0
BRIDGE_EFFICACY,Bridge Efficacy,0.4,True,2,0.9935384947889226,0.018,196.4,0.7026476578411406,491.0
BRIDGE_EFFICACY,Bridge Efficacy,0.4,True,3,0.9873511876714051,0.006,198.8,0.869215291750503,497.0
BRIDGE_EFFICACY,Bridge Efficacy,0.4,True,4,0.9933336130885186,0.012,197.60000000000002,0.6700404858299596,494.0
BRIDGE_EFFICACY,Bridge Efficacy,0.6,False,0,0.9953985465532528,0.36,128.0,1.290625,320.0
BRIDGE_EFFICACY,Bridge Efficacy,0.6,False,1,0.9766764008250769,0.368,126.4,0.870253164556962,316.0
BRIDGE_EFFICACY,Bridge Efficacy,0.6,False,2,0.9669266466372876,0.39,122.0,1.1672131147540983,305.0
BRIDGE_EFFICACY,Bridge Efficacy,0.6,False,3,0.9145696479614734,0.396,120.80000000000001,0.8245033112582781,302.0
BRIDGE_EFFICACY,Bridge Efficacy,0.6,False,4,0.9901826742598173,0.36,128.0,1.04375,320.0
BRIDGE_EFFICACY,Bridge Efficacy,0.6,True,0,0.991590355154284,0.0,200.0,0.344,500.0
BRIDGE_EFFICACY,Bridge Efficacy,0.6,True,1,0.9926742169354278,0.0,200.0,0.334,500.0
BRIDGE_EFFICACY,Bridge Efficacy,0.6,True,2,0.9932175951687617,0.0,200.0,0.342,500.0
BRIDGE_EFFICACY,Bridge Efficacy,0.6,True,3,0.9782499357930596,0.0,200.0,0.326,500.0
BRIDGE_EFFICACY,Bridge Efficacy,0.8,False,0,0.9953985465532528,0.36,128.0,1.290625,320.0
BRIDGE_EFFICACY,Bridge Efficacy,0.6,True,4,0.9889931104461035,0.0,200.0,0.27,500.0
BRIDGE_EFFICACY,Bridge Efficacy,0.8,False,1,0.9766764008250769,0.368,126.4,0.870253164556962,316.0
BRIDGE_EFFICACY,Bridge Efficacy,0.8,False,2,0.9669266466372876,0.39,122.0,1.1672131147540983,305.0
BRIDGE_EFFICACY,Bridge Efficacy,0.8,False,3,0.9145696479614734,0.396,120.80000000000001,0.8245033112582781,302.0
BRIDGE_EFFICACY,Bridge Efficacy,0.8,False,4,0.9901826742598173,0.36,128.0,1.04375,320.0
BRIDGE_EFFICACY,Bridge Efficacy,0.8,True,0,0.9867201949629902,0.0,200.0,0.086,500.0
BRIDGE_EFFICACY,Bridge Efficacy,0.8,True,1,0.9774283985706222,0.0,200.0,0.114,500.0
BRIDGE_EFFICACY,Bridge Efficacy,0.8,True,2,0.9932781822651052,0.0,200.0,0.128,500.0
BRIDGE_EFFICACY,Bridge Efficacy,0.8,True,3,0.9512567000847867,0.0,200.0,0.114,500.0
BRIDGE_EFFICACY,Bridge Efficacy,1.0,False,0,0.9953985465532528,0.36,128.0,1.290625,320.0
BRIDGE_EFFICACY,Bridge Efficacy,0.8,True,4,0.994721809521747,0.0,200.0,0.1,500.0
BRIDGE_EFFICACY,Bridge Efficacy,1.0,False,1,0.9766764008250769,0.368,126.4,0.870253164556962,316.0
BRIDGE_EFFICACY,Bridge Efficacy,1.0,False,2,0.9669266466372876,0.39,122.0,1.1672131147540983,305.0
BRIDGE_EFFICACY,Bridge Efficacy,1.0,False,3,0.9145696479614734,0.396,120.80000000000001,0.8245033112582781,302.0
BRIDGE_EFFICACY,Bridge Efficacy,1.0,False,4,0.9901826742598173,0.36,128.0,1.04375,320.0
BRIDGE_EFFICACY,Bridge Efficacy,1.0,True,0,4.900756233957553e-06,0.0,500.0,0.0,500.0
BRIDGE_EFFICACY,Bridge Efficacy,1.0,True,1,7.045506311580512e-06,0.0,500.0,0.0,500.0
BRIDGE_EFFICACY,Bridge Efficacy,1.0,True,2,2.080886905256085e-05,0.0,500.0,0.0,500.0
BRIDGE_EFFICACY,Bridge Efficacy,1.0,True,3,6.172673664575855e-06,0.0,500.0,0.0,500.0
BA_EDGE_PARAM,BA Edge Parameter (m),1.0,False,0,0.9985237092348815,0.374,125.2,0.6900958466453674,313.0
BRIDGE_EFFICACY,Bridge Efficacy,1.0,True,4,9.026232145498277e-06,0.0,500.0,0.0,500.0
BA_EDGE_PARAM,BA Edge Parameter (m),1.0,False,1,0.9924770882395271,0.342,131.6,0.5896656534954408,329.0
BA_EDGE_PARAM,BA Edge Parameter (m),1.0,False,2,0.9837833468036609,0.362,127.60000000000001,0.6144200626959248,319.0
BA_EDGE_PARAM,BA Edge Parameter (m),1.0,False,3,0.9944276006392134,0.366,126.80000000000001,0.807570977917981,317.0
BA_EDGE_PARAM,BA Edge Parameter (m),1.0,False,4,0.9992407304704158,0.384,123.2,1.0389610389610389,308.0
BA_EDGE_PARAM,BA Edge Parameter (m),1.0,True,0,0.9902253756352565,0.018,196.4,0.8879837067209776,491.0
BA_EDGE_PARAM,BA Edge Parameter (m),1.0,True,1,0.9990061838392655,0.012,197.60000000000002,0.888663967611336,494.0
BA_EDGE_PARAM,BA Edge Parameter (m),1.0,True,2,0.9907725744079111,0.016,196.8,0.758130081300813,492.0
BA_EDGE_PARAM,BA Edge Parameter (m),1.0,True,3,0.9979846446150157,0.016,196.8,0.8150406504065041,492.0
BA_EDGE_PARAM,BA Edge Parameter (m),1.0,True,4,0.9996494339495301,0.018,196.4,0.8065173116089613,491.0
BA_EDGE_PARAM,BA Edge Parameter (m),2.0,False,0,0.9933736930467589,0.416,116.80000000000001,0.7534246575342466,292.0
BA_EDGE_PARAM,BA Edge Parameter (m),2.0,False,1,0.9855559573291671,0.38,124.0,1.0161290322580645,310.0
BA_EDGE_PARAM,BA Edge Parameter (m),2.0,False,2,0.9926453707706466,0.366,126.80000000000001,0.8454258675078864,317.0
BA_EDGE_PARAM,BA Edge Parameter (m),2.0,False,3,0.969984870395064,0.356,128.8,0.8944099378881988,322.0
BA_EDGE_PARAM,BA Edge Parameter (m),2.0,False,4,0.9688966072113305,0.382,123.60000000000001,0.6828478964401294,309.0
BA_EDGE_PARAM,BA Edge Parameter (m),2.0,True,0,0.9893355063465052,0.02,196.0,0.7285714285714285,490.0
BA_EDGE_PARAM,BA Edge Parameter (m),2.0,True,1,0.9963856044591297,0.01,198.0,0.7474747474747475,495.0
BA_EDGE_PARAM,BA Edge Parameter (m),2.0,True,2,0.9984410296116915,0.002,199.60000000000002,0.6472945891783567,499.0
BA_EDGE_PARAM,BA Edge Parameter (m),2.0,True,3,0.9906513632934887,0.006,198.8,0.6519114688128773,497.0
BA_EDGE_PARAM,BA Edge Parameter (m),2.0,True,4,0.9879512070257709,0.008,198.4,0.592741935483871,496.0
BA_EDGE_PARAM,BA Edge Parameter (m),3.0,False,0,0.9953985465532528,0.36,128.0,1.290625,320.0
BA_EDGE_PARAM,BA Edge Parameter (m),3.0,False,1,0.9766764008250769,0.368,126.4,0.870253164556962,316.0
BA_EDGE_PARAM,BA Edge Parameter (m),3.0,False,2,0.9669266466372876,0.39,122.0,1.1672131147540983,305.0
BA_EDGE_PARAM,BA Edge Parameter (m),3.0,False,3,0.9145696479614734,0.396,120.80000000000001,0.8245033112582781,302.0
BA_EDGE_PARAM,BA Edge Parameter (m),3.0,False,4,0.9901826742598173,0.36,128.0,1.04375,320.0
BA_EDGE_PARAM,BA Edge Parameter (m),3.0,True,0,0.9935702254106348,0.006,198.8,0.5090543259557344,497.0
BA_EDGE_PARAM,BA Edge Parameter (m),3.0,True,1,0.990574147310863,0.002,199.60000000000002,0.6653306613226453,499.0
BA_EDGE_PARAM,BA Edge Parameter (m),3.0,True,2,0.9959642549205482,0.006,198.8,0.5613682092555332,497.0
BA_EDGE_PARAM,BA Edge Parameter (m),3.0,True,3,0.9920607456014681,0.002,199.60000000000002,0.6032064128256514,499.0
BA_EDGE_PARAM,BA Edge Parameter (m),3.0,True,4,0.9906145720052312,0.006,198.8,0.5070422535211268,497.0
BA_EDGE_PARAM,BA Edge Parameter (m),5.0,False,0,0.9617805417258701,0.392,121.60000000000001,1.5855263157894737,304.0
BA_EDGE_PARAM,BA Edge Parameter (m),5.0,False,1,0.9733732025411134,0.366,126.80000000000001,1.2555205047318612,317.0
BA_EDGE_PARAM,BA Edge Parameter (m),5.0,False,2,0.979789529717753,0.406,118.80000000000001,1.3602693602693603,297.0
BA_EDGE_PARAM,BA Edge Parameter (m),5.0,False,3,0.8568287918937284,0.466,106.80000000000001,1.0449438202247192,267.0
BA_EDGE_PARAM,BA Edge Parameter (m),5.0,False,4,0.9787589607327396,0.38,124.0,1.3129032258064517,310.0
BA_EDGE_PARAM,BA Edge Parameter (m),5.0,True,0,0.9929691744222671,0.0,200.0,0.612,500.0
BA_EDGE_PARAM,BA Edge Parameter (m),5.0,True,1,0.9882073944398636,0.002,199.60000000000002,0.4969939879759519,499.0
BA_EDGE_PARAM,BA Edge Parameter (m),5.0,True,2,0.9943737597442946,0.002,199.60000000000002,0.5410821643286573,499.0
BA_EDGE_PARAM,BA Edge Parameter (m),5.0,True,3,0.9891700666988069,0.0,200.0,0.512,500.0
BA_EDGE_PARAM,BA Edge Parameter (m),5.0,True,4,0.9940973042801413,0.0,200.0,0.594,500.0
BA_EDGE_PARAM,BA Edge Parameter (m),8.0,False,0,0.9755034886727932,0.416,116.80000000000001,1.952054794520548,292.0
BA_EDGE_PARAM,BA Edge Parameter (m),8.0,False,1,0.9397949064615245,0.418,116.4,1.697594501718213,291.0
BA_EDGE_PARAM,BA Edge Parameter (m),8.0,False,2,0.9021901482444872,0.446,110.80000000000001,1.5054151624548737,277.0
BA_EDGE_PARAM,BA Edge Parameter (m),8.0,False,3,0.4512376948242069,0.524,238.0,0.44537815126050423,238.0
BA_EDGE_PARAM,BA Edge Parameter (m),8.0,False,4,0.9881895778740898,0.426,114.80000000000001,1.2961672473867596,287.0
BA_EDGE_PARAM,BA Edge Parameter (m),8.0,True,0,0.9949676994323242,0.0,200.0,0.59,500.0
BA_EDGE_PARAM,BA Edge Parameter (m),8.0,True,1,0.9880454250437041,0.0,200.0,0.548,500.0
BA_EDGE_PARAM,BA Edge Parameter (m),8.0,True,2,0.9935836244147004,0.0,200.0,0.546,500.0
BA_EDGE_PARAM,BA Edge Parameter (m),8.0,True,3,0.9819997988990311,0.0,200.0,0.462,500.0
BA_EDGE_PARAM,BA Edge Parameter (m),8.0,True,4,0.9899091635014523,0.0,200.0,0.656,500.0
